c55ad615-8a9e-4251-b82b-e7dcec7b09bd,male
65bb24d6-2f4d-4703-96b8-422c0e079889,female
cac81ca5-b5fb-4330-8fda-b7108b9a67d9,female
61584ec7-75bf-481f-a628-21dc6ea1d5c2,male
644fa430-5435-48c9-b49d-273bb818ec53,male
c890c706-c5f1-43e5-b8ce-608e71cc85bc,male
6de00ac4-6805-4b53-b840-69ea7c0fbc90,female
c4aa99c2-2716-4c24-b936-7b36f9b13260,female
6b9f8e31-cecf-4082-9cf2-3f7735921ed9,male
689391f8-01cd-4ca4-b279-ce558a49d4cf,female
cda0f61c-aef3-4100-8d34-3b9487dcfda2,female
61c966b8-e667-4c9d-9e2a-9bd0a6a09b71,male
c743b2d8-2e28-4d45-b421-8aa6dc009a55,female
63ceefc8-0214-4c54-9056-3ce62437d147,female
c835a61b-dcdb-41be-82d8-e52b4a1c8d0b,male
6be83efe-ec9a-41ac-aa1d-0f9ae0bd568d,female
c06c19b2-35e9-4fb3-9616-05fe55b037a3,male
68d32ba0-d0c6-4eb3-88f7-f361b30aa921,female
6abdb6ed-45bc-4f21-86b4-de9cbf220ebe,male
c27c1e5d-ad91-46f3-89f5-a2dd2713adb0,female
ce1a643c-e2c5-4be5-8533-9419a4f8b138,male
695e49a4-798c-4ac9-9e76-783114786796,male
6169adfe-112d-46b9-b6ec-50c4d899c5d9,male
619e8057-2217-4521-8221-68dd4807a12b,female
6a7de934-ecf3-4309-9403-9f0da358a6af,female
61474e04-5565-4c1a-ace7-fa695dddbb05,female
ca11bdb5-c3df-4bbe-b6c2-f1acf81d5c2c,male
cf53cce7-4ab1-41e2-8f64-3c9873b6fd75,female
66f65b2a-8812-4e23-a596-5fadaf09ec26,female
c573ee1d-d34c-4c09-a7dc-b969fc597cf4,female
63bc9429-6ae4-4eb9-9a1c-045aa5438489,female
cab59007-8c61-495d-83e8-e99dd9b82dcf,female
c7893ce7-6068-4ce6-b6f8-07b5545ab8bd,male
c431dff6-0d55-4b92-9df2-0c5df2f073d9,male
cad86013-7dd3-4d5b-9395-b01ba52d02cb,female
6a30e052-46ca-4cd1-899d-aeba68de3c3d,male
cfc72fcc-7f8f-440c-a2ff-1a23731e4730,female
ccd6b2c9-4642-4b83-a3cf-c22582be3e19,female
cba23c59-c51e-4560-9dc4-b33db7597c38,male
cc6239d8-ce22-41ef-9bf8-93f3ac2fab90,female
c26692ee-87d7-4933-bfa9-99c99348e05d,male
662eef72-f432-4712-8cad-efe4e33c33f0,male
ca7aef3e-ed67-4c8c-8443-908fa15094dc,male
6c102651-d479-4cc0-965a-4da2784e951f,female
6228eb75-0d10-4b9e-a341-b512acd2bc76,female
cf7e91fd-4d2d-4fee-ae14-b7ea0005b51b,female
6b13d553-d1c1-4f17-8624-b66c5b0adfc4,female
6e3e8844-6ff2-4438-a1f0-fd6927be506c,male
c2b925b7-0ba6-41de-92b9-9f6eb6efe8ac,female
cf0afe0f-7fd7-4cb9-87a1-82a960739c2b,male
c5e898ae-c268-40f0-8bab-01081b107eac,male
604db205-c0c4-4961-9622-10b7c3e86ff5,female
6bf6ed2a-40c0-4c99-8b6e-04bdaf922664,female
c94bfb39-9c5f-4f6e-be09-f536df204771,male
c1852eef-ccc1-4a40-8594-e3523899310d,male
61ba4d1c-1e9b-4fb4-8b42-3a69341df088,female
cf3ae259-1a96-47f5-b7f5-8231a461c81c,female
66503d7a-01c1-4222-9f33-9d02cde62167,male
c8ac739a-b46e-4e9a-ab06-f2945a3223cc,male
6a443d42-8a9d-4fec-b86c-52b91b81eeb3,female
cd3a59d2-df64-4ae7-b8e8-400d577fe7b1,female
6923215f-a777-4c6c-be54-eabc1e940172,male
c16bd013-774c-4edd-99a6-70996c92ae8e,male
c8df58fa-800b-4ccd-a8c8-1fe950bff050,male
c966f58a-6b08-45ba-9a67-b2d02fc5a3b7,female
cd9f85f1-d18d-4b01-824b-135316d425b1,female
cb9d72f8-0822-47b2-ba4b-424810d1eac2,male
6c8fb1db-ac21-4363-846e-c2c2dcb3db10,male
6d585386-c95d-4501-b750-789f7d0e89d5,male
cd3e2292-e5a2-4022-847e-e430fbfe1d81,female
c443b33a-8d32-42f1-8c21-5bb595af4775,male
c4944aaa-b7d5-4634-840a-c8e6febaa1a8,female
c0a71d30-1aac-4c80-be98-ed1c65b53b63,male
6c401883-a47a-40b6-8959-cb1b0cdc9f80,male
630cfdf8-7412-4582-81e7-1f178e2971ca,male
c232f6c6-5e7c-4d4e-bcc2-71ac86607af1,female
c996dd3b-f319-4b83-b58c-2d3ff7225459,male
c9dcf3f0-a7cc-45d5-8a3c-904a5da2007b,male
c5d3fe59-f4a4-4af6-af57-87b16b6e1972,female
ce4bad37-f73e-4611-8d36-c2ec4984f401,male
6b3bd032-6bcb-4715-92f0-320b3e231293,female
65c95a6f-1fe7-4efb-b0a0-c23b9392d453,female
645d3e32-3408-4180-b72c-f63c82cd5694,male
61bd2f2a-aff1-4a73-9a78-baeaa0ed3798,male
6abb7336-6519-4132-a991-99c7aa069efc,female
c71f5199-e16a-4c6c-98b7-9a941a4a6542,female
633a22de-a87b-4a9f-b39e-c425a4981467,female
6bd30866-1fae-4e2c-a9f7-c8e4dbfc5261,male
c2148dea-13fa-4b94-8afd-180cbdbe9cc2,female
c7240004-5ff7-46a1-bcee-e82fec1bedba,female
cdb5b974-3213-4390-953f-5944b426fe64,female
c51d6faa-4f04-420d-aa79-f06b3efc5c6d,male
6d614346-d93d-4e35-ad8f-7a2ca2300f06,female
6f9a9774-4222-4316-adbf-c99b42a5ae90,female
c959a04f-ae98-4aba-ad43-05a5e2ad0f2f,male
cf061d52-790e-447c-9127-f28f2541e8b7,female
c68e0169-28cd-4cd8-a4ba-3e4414a57d1d,female
ccd948c0-54d6-40ec-81a9-9f1c444ab39f,female
cd260176-894b-49e6-b059-1b4e5704e595,female
6b9c5ac6-5334-4ab7-8630-88d481f728d8,female
6f6f0478-61dd-45c2-a093-13041b9a40f9,female
c73f0e66-519e-4be3-b9db-46437edd96ee,male
caf21add-c58b-4a64-a112-b0b7dee72e7d,male
65227a96-10b4-4570-ae70-10229abe3a36,male
c3ef0f1e-e552-4234-8d06-d5611832d179,female
6a0c40f6-0b97-4bb8-8388-77e97f5bb264,male
6a62a4bd-6b71-42da-aad3-31e5c592c96c,female
c86eeab6-d189-4639-a658-047cc78ca63b,male
c46f0b9b-3721-49fa-be73-7da4be00d44b,female
c64b6757-a37a-442f-932d-e81a77e413f5,male
cfbb4c96-5ae5-4982-8ae9-33ef9c19db63,male
6bf6268b-48ef-4d50-93d0-6c458cf86fce,male
c417abe0-900e-4bb0-b35c-f19313b8ca1f,female
60ae02c4-8d2f-42ef-8a70-8ae1975b8cb2,male
630b793e-1b70-44b2-93c6-f63a150cd528,male
6d8ab200-fa01-4787-8982-384e810f8237,male
63ae837a-05e0-4c48-a7c4-0c303fdf156c,male
c46d0851-8f47-416e-bceb-87ec5e3b3f75,male
67b13977-4029-4777-854b-6ccd833362bb,female
cdf74939-17bb-45b9-98c0-1cee6e1ef1d8,female
c1514f17-19e1-436c-bff3-d728fb2c5a61,female
c0f8bcb6-275b-4a68-bc2e-6081e4c4a2a0,female
c07396e5-1d0e-4a70-bb52-a0d460c06c32,female
c7f754ef-b52a-49d8-a843-4da5bb9c1233,female
c01cd6d2-c7f9-472f-8b1d-833a1946f79d,male
c0cacbda-514c-4b79-9108-6b210b0dbc02,female
c3fb62ab-94c7-45cb-bd1b-1d790de2cc51,female
c96e6372-2b93-4dc3-9709-a6a6cef6b707,female
c9d70350-96c0-4449-9242-afba020eda88,female
c5998fbe-e09d-4468-b6e9-113b1e88d585,female
c3635e4e-6ea8-484a-a809-31b49adee0ac,female
cf259ad0-a376-43e9-9a62-aecf0ec6a4e3,female
c709148b-b508-4c0e-a0f5-f57ab5af72e9,female
6d4ea72b-dfc5-4122-aa62-9caeee4cbb10,male
cc2b6009-b5c3-400b-b9dd-3692092aee0e,female
c66416a5-4855-4eb7-b572-9690d1c9e9b5,male
c1a261c0-6c11-49c0-99d3-11ae0f658f3a,male
caed31c7-c2b4-4aa2-bcdc-3b99caedf1ac,female
c3f87124-3212-44a1-a267-0538ea8db509,male
cec66dea-c329-4f52-8d58-b98aeac7a1b9,female
6d90c91e-f0bd-42d5-8709-9186a71ddb40,male
64fb8332-2ede-49a5-b583-33b1ec702cc9,female
c5bc174e-a599-4921-a369-27e88f24b48f,female
644d57a7-ff67-40a5-ace8-89963c57e0cb,female
6ef80392-ab68-46b1-933f-59e16355c154,female
c37116aa-574e-458d-b8b5-b6bc6a659102,female
cd685c20-fc58-4e09-93c3-cb7e98b85da4,male
c9800722-f8a1-48bf-97cf-c29f54fe2b18,female
64dee0c1-9a5f-4147-a4c8-6237570d6db5,female
c5ea4c1e-6ba5-4524-9c4a-cedf3695a87e,male
6e4a96bb-e8c1-4c81-abc8-dabfffdc8a17,female
c73c25f8-72d5-4ae3-a010-ee30911a199b,male
6d32ce18-9e5d-4219-88a4-e9b6498be644,male
cdc646a7-259c-4601-a981-28943296654d,female
c5584efb-6572-4176-a726-8540608e3eeb,male
61ef88b2-d5c9-4eb7-a973-62b2d8239b33,female
c0ed0a3f-4daf-469d-955b-bf9882a70565,male
64211acf-c5a7-4185-90cc-200ce61f967e,female
ca83f372-fbaa-491a-8c04-082177445613,female
c43a7098-71d3-4232-913e-5b6e19dea4e3,female
c7eaed75-ea54-4f90-bebc-75186139558d,female
6c794be1-410a-41f3-ac2b-e947068df538,male
ca425971-1a7b-4f3f-b763-0cd43c47f902,male
cadb892a-ecb1-408b-bf80-61e4efda4137,female
c377abc3-d2e1-400f-8e29-9cfad50e973f,male
c1c59508-38d8-4f2e-89d6-83c15dd6b33c,male
c474930a-f1b9-4031-b936-ac88725a2232,female
c7a22a58-98e0-43b6-b4e9-baecbab92826,female
68b0df7c-c642-4889-83e6-9c9e462a46c6,male
cfd75c98-7b1a-48ee-ab65-c298e645f228,female
c1ded05b-9792-4bb2-9a54-c8e8255a736e,female
ccecf785-5fb8-4636-a4d3-0a3deadf2e79,male
67db8b42-8c3b-42b5-add9-f243be1c5aac,male
cd27c981-eff2-4a39-a4bb-9bd0904dd044,female
67b99c54-16df-4884-a248-c32f473c7c2b,female
c978582e-8eea-4f61-b594-36bc5f66ae4a,female
66645dfd-d023-4258-9a6a-e73fefb5a8cc,male
c1f5c41a-ff64-4677-9897-f66807895990,female
c2143820-d717-415d-b393-e01b78ca2815,male
cff5590f-909e-4a47-a6ec-5b8d08230734,female
c5139e86-d6ac-4f9d-9337-0b3948846dd8,male
ce32ac01-cdf6-4e18-8173-2059af12ef29,female
c28151ab-a256-485d-8f7c-91ae49850def,female
6d694837-e505-4b88-9991-0a9e53ef36c8,female
67d7b8c2-ee44-4ef3-880d-90acb51db98f,female
c07b330c-b6bd-47fd-8140-73a